"","fips","year","county","Arsenic","DEHP","Nitrates","Uranium","% Fair/Poor","Physically Unhealthy Days","Mentally Unhealthy Days","% LBW","% Children in Poverty"
"1",6001,2010,"Alameda",1,1.5,0.334264571722751,0.5,14,3.1,3.5,7,14
"2",6001,2011,"Alameda",1.0003954260391,2.38345692414872,0.333732956613476,0.866045516958974,14.3,3,3.3,7.07,12.9
"3",6001,2012,"Alameda",1,1.5,0.374954373726536,1.09150730094674,15.1,3.1,3.4,7.1,17.2
"4",6001,2013,"Alameda",1,1.5,0.480915695218787,NA,13.4,2.7,7.1,7.1,16.8
"5",6001,2014,"Alameda",1,1.5,0.427611646111393,NA,14.5,3,3.2,7.2,17.3
"6",6001,2015,"Alameda",0.994571718195641,1.5,0.383419756214284,0.403554363725012,14.5,3,3.2,7.250089991,15.4
"7",6001,2016,"Alameda",1,1.5,0.38616993478775,2.13310390460668,13,3.4,3.3,7.24314432,14.3
"8",6003,2010,"Alpine",1,1.5,0.0300367647058824,NA,NA,NA,NA,NA,24
"9",6003,2011,"Alpine",1,NA,0.02,NA,NA,NA,NA,NA,28.2
"10",6003,2012,"Alpine",1,NA,0.02,NA,NA,NA,NA,NA,29.2
"11",6003,2013,"Alpine",1,NA,0.0366997518610422,0.5,NA,NA,NA,NA,29.3
"12",6003,2014,"Alpine",1,NA,0.0338071605813541,1.66,NA,NA,NA,NA,29.1
"13",6003,2015,"Alpine",1,NA,0.2385559566787,0.22,NA,NA,NA,NA,31.9
"14",6003,2016,"Alpine",1,NA,0.209202410492733,NA,15.6,4.2,4.1,NA,28.2
"15",6005,2010,"Amador",1,NA,1.49333423107999,2.25661016949153,18,3.8,3.5,5,14
"16",6005,2011,"Amador",1,NA,2.03532605203983,0.559377494014366,19.4,4.6,4.2,4.9,13.6
"17",6005,2012,"Amador",NA,NA,2.49059487179487,0.499819616685457,17.5,4.2,4.1,4.8,17
"18",6005,2013,"Amador",1,NA,0.0406083870967742,3.31786941580756,11.9,2.9,4.9,4.9,19.3
"19",6005,2014,"Amador",1,NA,0.0331335483870968,8.386,17.5,4,4.2,5.3,18.5
"20",6005,2015,"Amador",1,NA,0.300063737623762,2.46230769230769,17.5,4,4.2,5.867475974,22.1
"21",6005,2016,"Amador",1,NA,0.210456102397692,1.42694677871148,12.7,3.5,3.5,6.313645621,18.6
"22",6007,2010,"Butte",3.51075305946275,1.5,1.66767350408094,1.09403543307087,14,4,3.6,6,21
"23",6007,2011,"Butte",1.040025537156,1.5,1.06001301983218,0.507049065654042,12.9,4,3.8,5.91,26
"24",6007,2012,"Butte",1.08286563835718,1.5,1.54801566151001,0.633796310413173,14.2,4.3,4.3,5.9,25.1
"25",6007,2013,"Butte",1.4073453813868,NA,1.38093909615812,2.02465346534653,11.8,3.5,5.8,5.8,28
"26",6007,2014,"Butte",0.826812499518004,1.5,1.41839021088432,1.03139926648847,17.3,4.5,4.5,5.9,27.1
"27",6007,2015,"Butte",1,NA,1.766902936548,0.512719939690916,17.3,4.5,4.5,5.814556561,25
"28",6007,2016,"Butte",1.1280693415601,1.5,1.33533477562053,0.473961957560696,15.2,4.2,4.2,5.810629485,24.3
"29",6009,2010,"Calaveras",0.974942726231386,NA,0.200389634795682,1.57714285714286,14,4.5,2.3,6,14
"30",6009,2011,"Calaveras",1.00454005727457,NA,0.158380727153871,4.90345695814903,16.4,4,3,5.85,17
"31",6009,2012,"Calaveras",1,NA,0.15112218307657,NA,14.2,4.1,2.9,6.3,18.3
"32",6009,2013,"Calaveras",1,1.5,0.0952275733460546,2.39658848614072,9.7,1.9,5.9,5.9,20.4
"33",6009,2014,"Calaveras",1,NA,0.0714663827198053,12.02,21.4,4.3,4.3,5.5,20.9
"34",6009,2015,"Calaveras",1,NA,0.22169186190166,1.25,21.4,4.3,4.3,5.156683856,21.8
"35",6009,2016,"Calaveras",1,NA,0.269370848259312,0.872607022607023,11.8,3.3,3.5,4.827586207,20.6
"36",6011,2010,"Colusa",8.40875070661391,NA,0.589738479486681,NA,NA,NA,NA,4,19
"37",6011,2011,"Colusa",6.88848866876782,NA,0.7796361620641,0.5,NA,NA,NA,4.17,19.4
"38",6011,2012,"Colusa",8.31505158578525,NA,0.6119208984375,NA,NA,3.8,1.7,4.8,22.9
"39",6011,2013,"Colusa",2.33,NA,0.998299232736573,NA,NA,1.3,5.3,5.3,19.5
"40",6011,2014,"Colusa",4.5615141955836,NA,0.605842924126172,NA,NA,2.9,2.6,5.5,20.2
"41",6011,2015,"Colusa",5.80958549222798,NA,0.121245059288538,0.9,NA,2.9,2.6,5.899104963,20
"42",6011,2016,"Colusa",3.57355679702048,NA,0.641497229326513,2.03473358908781,20.8,4.3,4,6.047879042,19.9
"43",6013,2010,"Contra Costa",1.20340687156672,1.5,0.415755552247343,0.520474001268231,14,3.4,3.8,7,12
"44",6013,2011,"Contra Costa",1.00722457189454,1.5,0.301813521673496,4.64214876033058,14.7,3.6,3.9,6.63,12.4
"45",6013,2012,"Contra Costa",1.07828714021836,1.5,0.365482107162747,5.45020862095413,14.9,3.4,3.6,6.6,12.7
"46",6013,2013,"Contra Costa",1.63376386672184,NA,0.611134729193198,3.17041041041041,12.3,2.9,6.7,6.7,14.6
"47",6013,2014,"Contra Costa",1.0726483357453,1.5,0.49994730708821,3.69890909090909,13.8,3.3,3.4,6.8,14.5
"48",6013,2015,"Contra Costa",7.37480369515011,1.5,0.815234709112534,3.36,13.8,3.3,3.4,6.766302827,13.4
"49",6013,2016,"Contra Costa",1.33577081272453,NA,0.237838065627809,5.14563904945408,13.8,3.6,3.5,6.737790314,13.8
"50",6015,2010,"Del Norte",1,NA,0.748682061391157,NA,NA,6.4,6.4,5,31
"51",6015,2011,"Del Norte",1,NA,0.724692923898531,1.22,NA,6.3,6.9,5.14,31.5
"52",6015,2012,"Del Norte",NA,NA,1.48434840425532,1.22,NA,6.6,5.5,5.3,30.6
"53",6015,2013,"Del Norte",NA,NA,0.882847682119205,NA,NA,NA,5.4,5.4,33.7
"54",6015,2014,"Del Norte",1,NA,1.51952908587258,0.533142857142857,15.9,6.3,4,5.6,32.4
"55",6015,2015,"Del Norte",1,NA,3.44338078291815,0.5,15.9,6.3,4,5.172413793,32.6
"56",6015,2016,"Del Norte",NA,NA,1.25928820655966,NA,17.2,4.3,4,4.892703863,31
"57",6017,2010,"El Dorado",3.74191142191142,NA,0.094591023807798,10.45,11,2.5,2.8,6,10
"58",6017,2011,"El Dorado",1.22778816199377,NA,0.164657320872274,21.03,9.9,2.5,2.6,6.29,10.3
"59",6017,2012,"El Dorado",1.00559694033928,NA,0.176178861788618,15.11,10,2.6,2.8,6.5,11.6
"60",6017,2013,"El Dorado",1.21713360323887,1.5,0.0488475303236128,19.2354071661238,7,1.9,6.3,6.3,13.4
"61",6017,2014,"El Dorado",1.0363475457505,1.5,0.199103444490941,4.94897079276773,9.7,2.7,3.1,6.3,12.2
"62",6017,2015,"El Dorado",1.03800675675676,1.5,0.196053953797389,17.341214953271,9.7,2.7,3.1,6.348167539,13.8
"63",6017,2016,"El Dorado",1.01582454192115,1.5,0.0862680288461539,18.7966201032493,11.6,3.4,3.4,6.272401434,13.1
"64",6019,2010,"Fresno",1.83069339519876,1.5,4.6792513757335,2.83229371290509,18,4,3.4,7,29
"65",6019,2011,"Fresno",1.18199508437334,1.5,4.74964148517097,7.62975722518947,19.5,4.2,3.6,6.97,31.3
"66",6019,2012,"Fresno",1.21128929529227,1.5,4.69975265320325,5.58345328924058,20.4,4,3.5,7.2,38.2
"67",6019,2013,"Fresno",1.57212491505529,1.5,5.06819871180554,5.57573086893209,19.1,3.5,7.4,7.4,35.4
"68",6019,2014,"Fresno",1.70205388397599,1.5,5.42318205893847,0.594024909475538,23.4,4.2,3.7,7.4,40.1
"69",6019,2015,"Fresno",1.6170325293836,1.5,5.1569181972549,1.29335086491866,23.4,4.2,3.7,7.522024335,42
"70",6019,2016,"Fresno",1.16683229652931,1.5,4.38268045312896,4.1839935242997,21.8,4.3,4.2,7.613530116,38
"71",6021,2010,"Glenn",1.0605776444111,NA,2.55791865625527,1.39730228713144,NA,2.5,5,5,23
"72",6021,2011,"Glenn",1.14803548795944,NA,2.59123659796678,8.43,NA,3.9,5.5,4.82,26.2
"73",6021,2012,"Glenn",1.04722550177096,NA,2.68031009493849,1.71484741407003,NA,3.6,4.2,4.6,25.6
"74",6021,2013,"Glenn",1.02368987796123,NA,2.10499027126016,NA,NA,1.6,4.7,4.7,26.6
"75",6021,2014,"Glenn",1,NA,5.51092378899315,3.78356610169492,28.3,NA,3.1,5.1,26.3
"76",6021,2015,"Glenn",2.12412983703306,NA,2.22592355919942,1.39327348892879,28.3,NA,3.1,5.10238335,28.5
"77",6021,2016,"Glenn",1.60056022408964,NA,2.62218171443064,0.77139175257732,19.5,4.3,4.1,5.852156058,23.7
"78",6023,2010,"Humboldt",1,NA,2.25073821903111,0.636064662793635,13,4.9,4.1,6,21
"79",6023,2011,"Humboldt",3.0393023255814,NA,0.592223841445643,0.527499677738152,13,4.5,4.3,5.9,24.4
"80",6023,2012,"Humboldt",1.45731707317073,NA,1.75038374125874,0.18,14,4.4,4.3,6.1,22
"81",6023,2013,"Humboldt",NA,NA,0.24402157164869,NA,9.9,3.6,6,6,26.3
"82",6023,2014,"Humboldt",1,NA,0.321864406779661,NA,12,4.1,3.9,5.7,27.2
"83",6023,2015,"Humboldt",1,NA,0.277261146496815,0.5,12,4.1,3.9,5.484611851,25.6
"84",6023,2016,"Humboldt",3.18094997473471,NA,0.627038169969411,1.95020408163265,14.7,4.1,4.1,5.467879688,23.9
"85",6025,2010,"Imperial",1,NA,0.23,4.33,31,4.8,5.1,6,28
"86",6025,2011,"Imperial",1,1.5,0.23,NA,31.7,4.9,4,5.84,28.1
"87",6025,2012,"Imperial",1.72981229603868,NA,0.221402940443558,NA,30.9,4.8,3.8,6.1,31.8
"88",6027,2010,"Inyo",6.98814621409922,1.5,0.436079612801264,6.12921733803033,NA,2.3,4.5,7,16
"89",6027,2011,"Inyo",5.45052884615385,1.5,0.394815323041738,13.0278578479763,NA,3,4.8,7.22,17.5
"90",6027,2012,"Inyo",8.29916974169742,1.5,0.529732370433305,13.0456976744186,NA,2.9,5,8.2,20.5
"91",6027,2013,"Inyo",10.39875,1.5,0.643616975901045,9.32515547543939,NA,1.4,8.5,8.5,20.4
"92",6027,2014,"Inyo",1.4669696969697,1.5,0.520400156924284,11.289336492891,NA,3.4,NA,8.9,19.2
"93",6027,2015,"Inyo",1.79993930197269,1.5,0.419045438534695,4.14197408077155,NA,3.4,NA,8.676092545,23.1
"94",6027,2016,"Inyo",9.20331010452962,NA,0.412131314272799,22.084913957935,14.1,3.7,3.8,8.403908795,20.2
"95",6029,2010,"Kern",3.78322643200983,1.5,1.96116568833387,7.26022151675485,24,4.6,4.4,7,25
"96",6029,2011,"Kern",3.19294196695433,1.49663563323264,2.0575651419318,2.20196959015023,24.4,4.5,4.5,6.92,26.6
"97",6029,2012,"Kern",2.45840245622202,1.5,2.10523852048605,4.44421222289746,24.4,4.4,4.1,7,30.3
"98",6029,2013,"Kern",4.64458383237211,1.5,2.07298983893783,6.56013287574236,21.7,3.9,7.1,7.1,34.6
"99",6029,2014,"Kern",2.94968772773459,1.5,2.08146539125172,3.74450777003982,23.7,4.7,4.2,7.2,33.3
"100",6029,2015,"Kern",3.99253056601845,1.5,2.29676386536921,3.04525631801421,23.7,4.7,4.2,7.095431286,30.5
"101",6029,2016,"Kern",3.99556239942839,1.5,1.77887593141057,3.75012104082333,20.8,4.2,4,7.123828414,32.9
"102",6031,2010,"Kings",4.32479541619176,1.5,0.840317912269059,3.68197233852701,24,3.9,2.9,6,21
"103",6031,2011,"Kings",5.17061470332393,NA,0.570340263028041,3.09720835751596,23.2,4.1,3,6.35,22.5
"104",6031,2012,"Kings",4.73104267545651,1.5,0.716235025344471,2.00036134988857,22.6,4.4,3.8,6.4,29.7
"105",6031,2013,"Kings",5.94256013978436,NA,0.909822672971628,6.50494113449875,21.5,3.8,6.5,6.5,29.5
"106",6031,2014,"Kings",5.96615823264886,1.5,1.30271264272712,3.22418938567794,26.9,5.4,4.3,6.5,27.9
"107",6031,2015,"Kings",5.1378516467916,NA,1.02754689883483,1.18796263316388,26.9,5.4,4.3,6.392894347,28
"108",6031,2016,"Kings",4.86109580935586,1.5,0.890222291612163,1.11791594892767,21.6,4.4,4,6.380135842,33.8
"109",6033,2010,"Lake",1.39102894074582,NA,0.606890426622506,2.08759249540803,19,4.8,3.9,6,27
"110",6033,2011,"Lake",1.22466998610468,1.5,0.771972383091045,0.594335664335664,18.9,4.8,4.1,6.32,24.7
"111",6033,2012,"Lake",1.46302009505545,NA,0.679891471948761,2.4449331963001,21.8,4.4,3.9,6.2,29.8
"112",6033,2013,"Lake",1.40243432343234,1.5,0.468577702320317,0.42,12.7,3.3,5.9,5.9,33.8
"113",6033,2014,"Lake",1.51933370090763,1.5,0.314779444557065,0.07,20.4,4.9,4.5,6,31.5
"114",6033,2015,"Lake",1.78121530121269,1.5,0.406546012137442,0.578392524388907,20.4,4.9,4.5,5.996822875,33.7
"115",6033,2016,"Lake",2.51267624516792,1.5,0.376333855943927,0.869914082722917,17.9,4.3,4.2,6.060011767,32.3
"116",6035,2010,"Lassen",6.06578296482681,NA,0.672234236423278,10.069387755102,NA,NA,NA,7,17
"117",6035,2011,"Lassen",7.73496577145866,NA,1.02738064619836,26.0198555956679,13.2,4.3,3.5,6.49,20.5
"118",6035,2012,"Lassen",8.16228124126363,NA,0.719836661393082,1.85589178356713,15.8,3.8,3.7,6,18.7
"119",6035,2013,"Lassen",6.85636990730761,NA,0.945360957642726,20.0356743620899,10.5,2.6,6.3,6.3,19.3
"120",6035,2014,"Lassen",2.84276953718748,NA,1.04280478821363,23.17,18.2,4.2,4.1,6.7,22.4
"121",6035,2015,"Lassen",5.34,NA,1.01731049702552,20.78,18.2,4.2,4.1,6.583793739,19.9
"122",6035,2016,"Lassen",7.42354579073309,NA,0.944557390739538,4.47832352674934,14.1,3.6,3.6,6.917086578,20.3
"123",6037,2010,"Los Angeles",2.02339930170267,1.5,1.72935638744636,4.10522282115873,22,3.8,3.8,7,21
"124",6037,2011,"Los Angeles",1.40858918220693,1.49381313066475,1.61477623842417,2.57821133822141,22.1,3.9,3.7,7.08,21.8
"125",6037,2012,"Los Angeles",1.20266706807122,1.5,1.59864866388415,4.51786324020668,22.4,3.8,3.7,7.2,24.5
"126",6037,2013,"Los Angeles",1.69488868684144,1.5,2.91944196574657,4.10833685269534,21.5,3.6,7.3,7.3,25.9
"127",6037,2014,"Los Angeles",1.58474579520013,1.5,3.39206090901425,4.73353618086785,22.4,3.8,3.7,7.3,27.3
"128",6037,2015,"Los Angeles",1.5310609111389,1.50003294713182,3.48970686100016,4.38075926995156,22.4,3.8,3.7,7.234957165,27.4
"129",6037,2016,"Los Angeles",2.29379234881728,1.5,3.28671590679812,4.53268850162299,20.6,3.9,3.6,7.189267649,26.7
"130",6039,2010,"Madera",2.34163204685039,NA,1.73484975504964,46.3194451464676,32,6.2,4.1,6,24
"131",6039,2011,"Madera",1.94630752418343,1.5,2.21608903769193,41.0847187579537,32,6.5,4.3,6.25,27
"132",6039,2012,"Madera",3.13746726137377,1.5,2.01795861574916,45.3175337763012,31.3,5.7,4.5,6.3,31.7
"133",6039,2013,"Madera",4.69850411332327,1.5,1.91924547572692,14.3903436961693,23.3,3,6.3,6.3,33.5
"134",6039,2014,"Madera",8.92750320307495,NA,1.51872987544153,47.6729258938513,31.1,4.3,4.6,6.4,35.4
"135",6039,2015,"Madera",5.43573167550648,1.5,1.48353321712183,29.6679951567678,31.1,4.3,4.6,6.368170746,32.2
"136",6039,2016,"Madera",4.91896092427699,1.5,1.23450617751838,28.7815454948465,22.8,4.5,4.2,6.393907191,30.7
"137",6041,2010,"Marin",1.02103583820759,1.5,0.278362602912754,1.48,7,2.9,2,6,7
"138",6041,2011,"Marin",1.03250329682931,1.5,0.272173467254646,0.5,7.9,3.2,2.1,6.14,8.4
"139",6041,2012,"Marin",1.02000474662515,1.5,0.36617856581378,0.67,8.1,3.4,2.3,6.4,10.9
"140",6041,2013,"Marin",1.02073462392843,1.5,0.34986027737131,2.24,6.5,2.6,6.3,6.3,10.8
"141",6041,2014,"Marin",1.02800782105308,1.5,0.297556432845106,0.66,9.7,3.4,3,6.2,10.3
"142",6041,2015,"Marin",1.0323425871505,1.5,0.409506677704745,1.64,9.7,3.4,3,6.118557568,10.3
"143",6041,2016,"Marin",1.02104064624747,1.5,0.269168666745525,0.179824561403509,10.7,3.1,3.2,6.230619042,10.1
"144",6043,2010,"Mariposa",2.77174757281553,NA,0.872889348111967,2.19700272479564,NA,NA,NA,6,17
"145",6043,2011,"Mariposa",1.64287280701754,1.5,0.69568740685544,2.99,NA,3.2,4.5,5.65,20.1
"146",6043,2012,"Mariposa",1.45351894017802,1.5,0.696416732438832,3.44689075630252,NA,3.2,3.9,5.2,22.3
"147",6043,2013,"Mariposa",3.0799649859944,NA,1.01773369699975,26.57,NA,1.7,5.1,5.1,24.3
"148",6043,2014,"Mariposa",1.77019014962594,NA,0.971816075978689,2.72559139784946,16.5,3.2,3.4,5.3,25.1
"149",6043,2015,"Mariposa",1.57469857508221,NA,0.846095512359011,0.386923076923077,16.5,3.2,3.4,6.243996158,25.5
"150",6043,2016,"Mariposa",1.61933999474099,NA,1.20834503745318,2.77002801120448,13,3.6,3.7,6.102362205,25
"151",6045,2010,"Mendocino",1.10733013054008,NA,0.575661291775516,1.14464743589744,13,3.6,3.4,6,22
"152",6045,2011,"Mendocino",1.12828528492902,NA,0.506490712712031,2.21716452742124,12.5,3.4,3.5,6.07,24.8
"153",6045,2012,"Mendocino",1.12460893410699,NA,0.56926136165767,0.826911368320913,15.9,3.7,3.5,6.3,28.6
"154",6045,2013,"Mendocino",1.18102048999559,1.5,0.257363009604272,0.414538258575198,12.4,2.7,6.3,6.3,31.4
"155",6045,2014,"Mendocino",1.26866938248699,1.5,0.27002135991456,0.59025641025641,16,4.2,4,6.2,31.4
"156",6045,2015,"Mendocino",1.74553940906529,0.3,0.291846241783367,0.858070628768303,16,4.2,4,6.070328542,28.9
"157",6045,2016,"Mendocino",1.33730032616877,1.5,0.274273322490513,0.551959764134582,17.4,4.2,4.2,5.868605557,26.2
"158",6047,2010,"Merced",4.97171113694322,1.5,4.11693152077724,1.21208706131126,25,3.9,4.2,6,26
"159",6047,2011,"Merced",5.32434547848505,1.5,4.07372990816953,8.44282882423005,26.4,3.8,4.1,6.19,28.8
"160",6047,2012,"Merced",5.11530807910395,1.5,4.02934154654683,2.38382211183576,26.8,4.1,4.4,6.3,31.4
"161",6047,2013,"Merced",4.41898895590022,1.5,4.46477782880972,0.5,18.3,3.6,6.4,6.4,35.8
"162",6047,2014,"Merced",3.13911659146359,1.5,4.51044222820025,11.49,23,4.6,4.2,6.5,35.6
"163",6047,2015,"Merced",3.8618734299877,1.5,5.26705291324071,2.88056615351778,23,4.6,4.2,6.546028271,34.1
"164",6047,2016,"Merced",4.17133100848256,1.5,3.94540605224133,4.57513970455231,22.9,4.7,4.1,6.630142379,35.9
"165",6049,2010,"Modoc",NA,NA,1.02,1.72,NA,NA,NA,6,30
"166",6049,2011,"Modoc",4.70705667276051,NA,1.31569631112382,NA,NA,NA,NA,6.06,29.8
"167",6049,2012,"Modoc",NA,NA,NA,0.5,NA,NA,NA,6.1,32.5
"168",6049,2013,"Modoc",NA,NA,0.95,NA,NA,NA,6,6,32.3
"169",6049,2014,"Modoc",NA,NA,0.23,6.82,NA,NA,NA,6.3,31.3
"170",6049,2015,"Modoc",NA,NA,1.05,NA,NA,NA,NA,6.686930091,33.4
"171",6049,2016,"Modoc",4.3,NA,1.51513497989661,4.39,16.4,4.2,4.2,6.885758998,31.3
"172",6051,2010,"Mono",3.55960948236372,1.5,0.23,1.92818555758684,NA,NA,NA,8,12
"173",6051,2011,"Mono",3.89704504094631,1.5,NA,1.17895950740973,9.7,4.4,3.6,8.78,14.2
"174",6051,2012,"Mono",5.40207387536112,1.5,0.21,19.57,8.2,4,3.6,9,15
"175",6051,2013,"Mono",2.78443064641313,NA,0.331744663382594,23.781320754717,3,1.8,8.8,8.8,16.2
"176",6051,2014,"Mono",4.23761441970844,1.5,0.0696765320717351,2.32110041265475,NA,NA,3.1,8.1,17
"177",6051,2015,"Mono",5.66863809194608,1.5,0.215416843896214,1.36721628382988,NA,NA,3.1,7.864164433,18.7
"178",6051,2016,"Mono",3.55726696115075,NA,0.27835339638865,29.5327586206897,13.9,3.6,3.6,7.943925234,16.2
"179",6053,2010,"Monterey",1.8118882435622,0.739235218508997,3.16095919420804,3.38849022905535,23,3.4,3.4,6,17
"180",6053,2011,"Monterey",1.83025137921251,0.421207518511487,3.22098268247516,2.74876880793369,21.5,3.6,3.6,5.92,18.1
"181",6053,2012,"Monterey",2.43545354915842,1.33321576871623,2.85538097912571,3.42319907013835,22.6,3.3,3.8,6,25.9
"182",6053,2013,"Monterey",2.51322982554467,1.5,3.40666566781183,6.47769165372792,18.7,2.9,5.9,5.9,24.5
"183",6053,2014,"Monterey",2.89614159524226,1.5,3.3870062442817,3.45370781434686,24,3.9,4.6,5.8,27.1
"184",6053,2015,"Monterey",3.29864813346603,1.5,3.92661537712421,6.49979297631588,24,3.9,4.6,5.761846364,24.4
"185",6053,2016,"Monterey",3.31711014805903,1.5,4.23179428283813,13.7400575736557,19.9,4.1,3.8,5.72920934,25.2
"186",6055,2010,"Napa",1.01815395549238,1.5,0.241333883149579,1.24974428997021,13,3.5,4.1,6,11
"187",6055,2011,"Napa",1.01637324099185,1.5,0.255530503371979,1.75521626497664,16,3.8,4.3,5.69,11.5
"188",6055,2012,"Napa",0.876289806084327,1.5,0.259555170249021,0.536958721452551,14.7,3.7,4.1,6,14.7
"189",6055,2013,"Napa",1.02473037993016,1.5,0.242819047771261,2.38460893854749,11.5,2.7,6.1,6.1,16.6
"190",6055,2014,"Napa",1.03561195275178,1.5,0.23354325079066,0.774268667847488,16.7,3.4,4,6.1,14
"191",6055,2015,"Napa",1.04699107749006,1.5,0.237255343271048,0.926412213740458,16.7,3.4,4,6.12244898,13.7
"192",6055,2016,"Napa",1.08563873604011,1.5,0.200394888455014,0.81906416615579,14.2,3.5,3.4,6.100674813,12
"193",6057,2010,"Nevada",1.30632871313808,NA,0.239128886482434,0.757142857142857,11,2.8,3.4,6,12
"194",6057,2011,"Nevada",1.25472267703643,1.5,0.238442211055276,0.5,10.1,2.7,2.9,6.35,13.5
"195",6057,2012,"Nevada",1.16144773394714,1.5,0.244433122662195,0.5,10.3,2.5,2.7,6.1,17.3
"196",6057,2013,"Nevada",1.09274707853972,1.5,0.256350425622712,0.5,6.7,1.8,5.9,5.9,17.4
"197",6057,2014,"Nevada",1.23474476088125,NA,0.248039506069834,1.36612291631588,9.2,3,3,5.8,17.6
"198",6057,2015,"Nevada",1.18061645314524,1.5,0.931329113924051,NA,9.2,3,3,5.789938217,17.8
"199",6057,2016,"Nevada",1.25048545168334,1.5,0.220825990167888,2.80875582168995,11.5,3.4,3.5,5.711263882,17.6
"200",6059,2010,"Orange",1.75334196197708,1.5,0.535834073893583,3.86848548646303,15,3,3.1,6,12
"201",6059,2011,"Orange",1.31243671827295,1.5,0.530141384184455,2.23968001806413,15.1,3.1,3.1,6.2,13.4
"202",6059,2012,"Orange",1.07419098165334,1.5,0.461771026431329,4.93311093862491,15.2,3.1,3.2,6.3,16.4
"203",6059,2013,"Orange",1.44609843369538,1.5,1.82790636486063,2.99816355350747,13.8,2.9,6.4,6.4,17.9
"204",6059,2014,"Orange",1.28552736333397,1.5,1.68002790548581,4.18427569087923,14.5,3.1,3.2,6.5,18
"205",6059,2015,"Orange",1.90835074827243,1.5,1.65174739304397,2.3188122307152,14.5,3.1,3.2,6.464124564,18.8
"206",6059,2016,"Orange",1.90495958190413,1.5,1.49308541899288,2.64691288052297,12.6,3.4,3.3,6.452573495,17.9
"207",6061,2010,"Placer",1.01258652514998,NA,0.229417367308077,0.50601810733835,8,3.3,3.3,6,7
"208",6061,2011,"Placer",1.02431901184715,1.5,0.239335638550663,1.08827586206897,8.2,3.3,3.2,5.72,7.6
"209",6061,2012,"Placer",1.01331291003959,1.5,0.235373120394759,0.506201713113765,9.3,3.1,3.1,5.7,10.7
"210",6061,2013,"Placer",1,NA,0.229200737121797,2.91313246885329,7.3,2.5,5.7,5.7,9.9
"211",6061,2014,"Placer",1,1.5,0.223082108120335,1.78935833221731,8.7,2.7,2.9,5.7,11.6
"212",6061,2015,"Placer",1.15452345092469,1.5,0.239860923076923,0.281517314086449,8.7,2.7,2.9,5.805713442,9.5
"213",6061,2016,"Placer",1,1.5,0.200912780295188,0.741606391925988,10.9,3.3,3.5,5.749563018,9.7
"214",6063,2010,"Plumas",7.04126148705096,NA,0.207510704440143,2.1844882796149,2,4.7,3.3,6,17
"215",6063,2011,"Plumas",3.7019221714444,NA,0.196802171893977,5.16783923494443,5.6,3.7,3.2,6.13,19.9
"216",6063,2012,"Plumas",8.5234791934792,NA,0.273070017953321,10.2698962536023,6.8,3.2,3,6.2,22.3
"217",6063,2013,"Plumas",1.72470629248736,NA,0.261281299946723,5.5406860670194,3.1,1.4,5.3,5.3,21.9
"218",6063,2014,"Plumas",3.38803952991453,NA,0.257870331950207,17.7316856780735,NA,4.1,3.4,6.2,23.5
"219",6063,2015,"Plumas",4.43984460694698,NA,0.161416837782341,16.775906374502,NA,4.1,3.4,5.657237937,24.9
"220",6063,2016,"Plumas",3.31,NA,0.241960381237152,8.19176192209683,13.9,3.8,3.9,6.148590948,21.6
"221",6065,2010,"Riverside",1.60784912458588,1.5,2.56149465388439,8.1947787699019,17,3.7,3.7,6,16
"222",6065,2011,"Riverside",1.35498435497119,1.5,2.46369667503942,7.96706819535672,18.5,3.8,3.9,6.35,17
"223",6065,2012,"Riverside",1.29665264113261,1.5,2.5715098525151,6.38317800937552,19.2,3.8,3.9,6.5,23.4
"224",6065,2013,"Riverside",1.44204395556392,1.5,3.06340981771381,9.28997580575751,17.6,3.7,6.5,6.5,23
"225",6065,2014,"Riverside",1.83725902800836,1.5,2.74251881988424,8.2361046684603,19.5,4,4.1,6.5,24.8
"226",6065,2015,"Riverside",1.65703848546376,1.5,3.10799312633352,8.29522705058418,19.5,4,4.1,6.513148505,24.2
"227",6065,2016,"Riverside",1.80629884451533,1.5,3.22112797534435,7.03807250224551,18.1,4.2,4,6.546531295,23.5
"228",6067,2010,"Sacramento",2.22548866617439,1.5,0.601117531132631,1.41514723007819,13,3.5,4,7,18
"229",6067,2011,"Sacramento",2.34460894664111,1.5,0.709724538013214,1.93600418802509,13.5,3.5,3.9,6.82,19
"230",6067,2012,"Sacramento",3.69031365688459,1.43456086674003,0.661080991787664,0.626084343609797,13.5,3.5,3.9,6.8,23.6
"231",6067,2013,"Sacramento",1.73931770384156,1.5,0.780802381869768,0.624310426762728,12.1,3.1,6.9,6.9,24.9
"232",6067,2014,"Sacramento",1.74643021046002,1.5,0.799190221678709,0.500296814778718,13.9,3.5,3.7,6.9,26.8
"233",6067,2015,"Sacramento",1.47206855114977,1.5,0.483449743285261,0.584307185362327,13.9,3.5,3.7,6.841219118,25.9
"234",6067,2016,"Sacramento",1.42232979124447,1.5,0.689688866743772,3.16180317265942,15.9,3.9,3.8,6.778178867,23.8
"235",6069,2010,"San Benito",1.58817232512987,1.5,1.34178309363076,1.61781925778441,16,2,3.2,5,12
"236",6069,2011,"San Benito",1.29754016840896,1.5,1.13370457902511,7.46221556886228,15.7,2.7,2.2,5.37,14.2
"237",6069,2012,"San Benito",2.95351137487636,1.5,1.85414881127091,1.14769910755826,17.6,3.1,2.6,5.7,17.4
"238",6069,2013,"San Benito",2.54779487179487,NA,0.258911295743594,17.59,13,2.1,6,6,17.6
"239",6069,2014,"San Benito",2.35130830489192,NA,1.04835708298407,3.57890173410405,18.1,3.6,2.6,6.2,18.1
"240",6069,2015,"San Benito",2.4148502994012,1.5,1.53935456831517,6.46747048903879,18.1,3.6,2.6,6.068268015,18.6
"241",6069,2016,"San Benito",2.82724786324786,1.5,0.296119615346875,6.48429090909091,17.6,3.9,3.6,6.359770752,19.8
"242",6071,2010,"San Bernardino",2.11933426231797,1.5,3.22114370537176,3.3560336346018,19,4,3.9,7,17
"243",6071,2011,"San Bernardino",1.83842737044106,1.5,3.00430025266827,3.19535554904409,19.5,4.1,4.1,6.97,20.6
"244",6071,2012,"San Bernardino",2.22999312580865,1.5,3.14212593033952,2.56758033927518,19.6,4.2,4,7,24.7
"245",6071,2013,"San Bernardino",2.18638587819566,1.5,3.79546159964971,4.45239698300482,18.7,4,7.1,7.1,26.2
"246",6071,2014,"San Bernardino",1.97186504924231,1.5,3.6625614577607,3.64139469006302,19.4,4.2,4.1,7.1,28.2
"247",6071,2015,"San Bernardino",2.62724714905674,1.5,3.72578882838352,6.166683608681,19.4,4.2,4.1,7.103734149,26.7
"248",6071,2016,"San Bernardino",2.51645802828528,1.5,2.85347580904352,3.74031426909415,20.6,4.3,3.8,7.175817353,28.2
"249",6073,2010,"San Diego",1.34710258839038,1.49983358489537,0.302853927732423,2.72804785104871,15,3.3,3.4,6,15
"250",6073,2011,"San Diego",1.48958333669396,1.5,0.309840560556283,2.21282743244295,15.1,3.3,3.4,6.41,16.6
"251",6073,2012,"San Diego",1.03667982202002,1.5,0.290263095671987,2.09862930446337,15.5,3.4,3.4,6.5,19.1
"252",6073,2013,"San Diego",1.07121406625722,1.5,0.287325750776582,5.66875294149045,14.5,3.2,6.6,6.6,19.2
"253",6073,2014,"San Diego",1.18676388891261,1.5,0.249716744813116,5.23778848872287,16,3.5,3.7,6.6,19.9
"254",6073,2015,"San Diego",1.09138032550874,1.5,0.341650690932704,4.15552132298596,16,3.5,3.7,6.580560214,19.4
"255",6073,2016,"San Diego",1.22120295597968,1.5,0.436187388264125,5.17638520837292,14.3,3.4,3.6,6.568164258,18.9
"256",6075,2010,"San Francisco",1,NA,0.23,NA,13,3,3.2,7,13
"257",6075,2011,"San Francisco",1,3.29241523180187,0.23,0.977689304040788,14.9,3.1,3.4,7.07,13.6
"258",6075,2012,"San Francisco",1,NA,0.23,NA,16.4,3.1,3.3,7.1,14.7
"259",6075,2013,"San Francisco",1,NA,0.23,2.01,14.8,2.9,7,7,16
"260",6075,2014,"San Francisco",0.84,NA,0.23,0.75,16.4,3.1,3.1,7.1,16.3
"261",6075,2015,"San Francisco",1,NA,0.200007159545703,NA,16.4,3.1,3.1,7.097715899,14.4
"262",6075,2016,"San Francisco",1,NA,0.2,NA,11.2,3.2,3.1,7.089182362,13.6
"263",6077,2010,"San Joaquin",1.88896168329866,1.5,0.400312411586583,4.12408722712336,19,3.8,3.9,7,19
"264",6077,2011,"San Joaquin",1.64364752266185,1.5,0.428091055959578,2.66600573530622,19.1,3.7,4,6.73,22
"265",6077,2012,"San Joaquin",2.02558769812905,1.5,0.786209616024362,2.30395635989074,20,3.7,3.8,6.8,26
"266",6077,2013,"San Joaquin",2.33147437726847,1.5,1.86789335208481,5.36586551225171,18.6,3.3,6.9,6.9,25
"267",6077,2014,"San Joaquin",1.49504243635375,1.5,1.86114879346844,0.906223143611007,22,3.8,4,6.9,24.5
"268",6077,2015,"San Joaquin",1.74939912823799,1.5,1.84118293114191,0.831756043878022,22,3.8,4,6.971075084,26.4
"269",6077,2016,"San Joaquin",2.04553436991332,1.5,1.73524706003286,4.62714868888953,18.5,4,3.8,7.003713071,27.5
"270",6079,2010,"San Luis Obispo",1.77440708866932,1.5,1.18936719022978,2.21725929325379,12,2.6,4.4,6,12
"271",6079,2011,"San Luis Obispo",1.55109314826701,1.5,1.04083488222909,3.24567640356329,11.9,3.1,4,5.99,12.8
"272",6079,2012,"San Luis Obispo",2.17334982492838,1.5,1.09393648687933,5.65056335870847,11.2,3,3.7,6.2,15.1
"273",6079,2013,"San Luis Obispo",1.48180040776716,NA,1.57805696740248,3.50811964802457,9.5,2.7,6,6,17.5
"274",6079,2014,"San Luis Obispo",1.9352224603963,1.5,2.08270038652678,2.96441258729547,11.6,3.1,3.5,6,16.7
"275",6079,2015,"San Luis Obispo",1.46021279558569,NA,1.88882602693549,7.6167032967033,11.6,3.1,3.5,5.74919342,16.1
"276",6079,2016,"San Luis Obispo",2.12563563579787,1.5,1.93636472795497,0.202970297029703,13.1,3.5,3.6,5.872982158,15.6
"277",6081,2010,"San Mateo",1.00034333077887,1.5,0.444723649654056,1.90846153846154,12,3.1,2.7,6,7
"278",6081,2011,"San Mateo",1.0021279487535,3.63981971527877,0.512334711876298,0.738912917559935,13.3,3,2.8,6.55,8
"279",6081,2012,"San Mateo",1.0080063766563,1.5,0.501705145281437,1.23946165356085,14.1,3.2,2.8,6.6,8.5
"280",6081,2013,"San Mateo",1.32156451253803,1.5,2.17795292237922,0.50360824742268,10.8,2.8,6.7,6.7,10
"281",6081,2014,"San Mateo",1.90486068907484,1.5,2.66270386560655,0.801289507208865,12,3,3.2,6.7,11.1
"282",6081,2015,"San Mateo",1.7311171020195,1.49526172394277,2.46765299977815,0.662087916343919,12,3,3.2,6.704146382,10
"283",6081,2016,"San Mateo",1.3116606724127,1.5,1.44115881614497,0.86949322061713,11.6,3,3,6.698893971,9.8
"284",6083,2010,"Santa Barbara",1.12090581063226,1.5,0.715005730302947,2.07322314721609,19,3.8,3.5,6,15
"285",6083,2011,"Santa Barbara",1.1933332949452,1.5,0.456793737168371,1.91496174605297,19.9,3.7,2.9,6.4,15.7
"286",6083,2012,"Santa Barbara",1.1105022741995,1.5,0.788333182560623,5.0668822005203,21.8,3.6,2.8,6.4,21.7
"287",6083,2013,"Santa Barbara",1.19421245748261,NA,0.78141051613349,2.70354795928858,18,3,6.2,6.2,21.1
"288",6083,2014,"Santa Barbara",1.33270845899178,1.5,1.07006993316514,1.99600229862546,21,3.7,3.3,6.1,21.2
"289",6083,2015,"Santa Barbara",1.53395032168869,1.5,1.140112573523,2.85221528265479,21,3.7,3.3,6.038607098,20.9
"290",6083,2016,"Santa Barbara",1.63748837576544,1.5,1.12539278823264,1.66687645148042,16.8,3.9,3.6,6.022156538,22.6
"291",6085,2010,"Santa Clara",0.999798997708876,1.5,1.96984567899577,3.96696206932296,14,3,2.8,6,10
"292",6085,2011,"Santa Clara",1.01009427708827,1.84622468980266,1.98591711281795,1.59457821304877,14.9,3.1,2.7,6.47,9.4
"293",6085,2012,"Santa Clara",0.999829202133582,1.5,1.85956076494572,3.22245990081631,14.9,3.1,2.7,6.5,13.3
"294",6085,2013,"Santa Clara",0.999899295065458,1.5,2.30393885580189,2.74680127720607,12.7,2.7,6.7,6.7,12.6
"295",6085,2014,"Santa Clara",1.04086005972874,1.5,2.13728153061275,2.05071954730835,13.5,2.9,2.7,6.8,12.6
"296",6085,2015,"Santa Clara",0.999871215863383,1.5,1.7377501577533,1.36661724586136,13.5,2.9,2.7,6.792575635,12.9
"297",6085,2016,"Santa Clara",1.53129677479269,1.5,1.93801490480292,3.63999056259376,11.4,3,2.9,6.850240827,9.3
"298",6087,2010,"Santa Cruz",1.14164642866966,1.5,0.329226474085165,1.27556195259386,16,3,3.6,5,14
"299",6087,2011,"Santa Cruz",1.18694017626813,1.5,0.308120110807185,1.40544233929734,16.1,2.9,3.8,5.46,16.9
"300",6087,2012,"Santa Cruz",1.1284226384704,1.5,0.315270574823519,2.75504918032787,16.8,3.1,3.7,5.7,19
"301",6087,2013,"Santa Cruz",1.24804454965528,1.5,0.183311252737518,0.150650580329872,14.2,2.8,5.8,5.8,18.5
"302",6087,2014,"Santa Cruz",2.07567931271708,1.5,0.41170147843788,0.757011266747868,16.8,3.4,3.7,5.8,17.9
"303",6087,2015,"Santa Cruz",1.71349118871781,1.5,0.87652807646356,0.668399073844373,16.8,3.4,3.7,5.781256647,18.9
"304",6087,2016,"Santa Cruz",1.48167069081533,1.5,0.587077871797586,1.8118375124475,14.3,3.7,3.7,5.816250384,19.1
"305",6089,2010,"Shasta",1.00503060899623,NA,0.986986641166489,0.5,12,3.5,3.8,6,21
"306",6089,2011,"Shasta",1.72299767483456,1.5,1.01166878943159,0.871967654986523,12.3,3.8,3.7,6.16,23.9
"307",6089,2012,"Shasta",1.04721636701798,NA,0.82000777842598,2.02203260869565,12.4,3.8,3.9,6.2,25.4
"308",6089,2013,"Shasta",1.00682254403977,NA,1.08770151967275,2.24,11.5,3.2,6.2,6.2,25.3
"309",6089,2014,"Shasta",1.05757591118771,NA,0.387653815111442,2.2493951849677,15.8,4.1,4.1,6.2,25.9
"310",6089,2015,"Shasta",1.88987905792489,NA,1.05583334189254,2.24,15.8,4.1,4.1,5.984736913,28.3
"311",6089,2016,"Shasta",1.22745131101931,NA,1.00094524613976,2.25384451544196,14.5,3.9,4,6.137111395,20.3
"312",6091,2010,"Sierra",3.81261363636364,NA,0.399936363636364,0.995504424778761,NA,NA,NA,NA,18
"313",6091,2011,"Sierra",12.08,NA,0.170594059405941,0.435643153526971,NA,NA,NA,NA,19.1
"314",6091,2012,"Sierra",14.5,NA,0.150891089108911,NA,NA,NA,NA,NA,18.9
"315",6091,2013,"Sierra",5.30327868852459,NA,0.176885245901639,0.75,NA,NA,NA,NA,19.8
"316",6091,2014,"Sierra",15.5,NA,0.395733015494636,NA,NA,NA,NA,NA,19.5
"317",6091,2015,"Sierra",18.5,NA,0.23,NA,NA,NA,NA,6.962025317,20.4
"318",6091,2016,"Sierra",4.94662162162162,NA,0.2,NA,13.1,3.7,3.8,6.451612903,19
"319",6093,2010,"Siskiyou",1.07152662229617,NA,0.255272188833725,0.5,NA,4.2,5.1,7,25
"320",6093,2011,"Siskiyou",2.10123482924076,NA,0.30744610862262,0.5,NA,3.5,5,7.46,25.4
"321",6093,2012,"Siskiyou",1.23485365853659,NA,0.392312319350051,0.658181818181818,19.4,4.3,4.5,7.4,30.7
"322",6093,2013,"Siskiyou",1.07985294117647,NA,0.268201079352389,2.24,14.4,2.9,7.4,7.4,31.6
"323",6093,2014,"Siskiyou",3.01378968253968,NA,0.317417605340008,2.24,19.5,4.6,4.9,7,32.2
"324",6093,2015,"Siskiyou",1.1424537037037,NA,0.567807681117253,2.24,19.5,4.6,4.9,7.213409159,28
"325",6093,2016,"Siskiyou",1.05087767969735,NA,0.304856492478226,2.24,16.5,4.2,4.1,7.459981879,30.3
"326",6095,2010,"Solano",1.1477531094315,1.5,0.645262305265594,0.5,14,3.7,3.4,7,13
"327",6095,2011,"Solano",1.23260102566601,1.5,0.673312,1.52977851605759,14.5,3.7,3.4,7.02,12
"328",6095,2012,"Solano",1.28740311918331,NA,0.56938541704802,1.48,16.3,4,3.5,7.1,17.9
"329",6095,2013,"Solano",1.18742582402223,1.5,0.405142744666193,3.33786235005326,13.2,3.1,7.1,7.1,18.4
"330",6095,2014,"Solano",1.20715050302453,1.5,0.319918494597341,0.75,17.4,4,3.3,7,18.7
"331",6095,2015,"Solano",1.18213962140462,1.5,0.358526672003493,0.740063623553525,17.4,4,3.3,6.958586125,17.8
"332",6095,2016,"Solano",1.97157760060685,1.5,0.314534724078597,0.775826138313131,15.5,3.5,3.6,6.922294766,16.5
"333",6097,2010,"Sonoma",1.91180345618815,1.5,0.787774894812727,2.18702927597717,15,4.1,4.2,5,11
"334",6097,2011,"Sonoma",2.07366867442004,1.5,0.641822232796959,0.959563392997474,15.1,4.2,4.4,5.48,12.8
"335",6097,2012,"Sonoma",1.9082586155107,1.5,0.607561610007086,1.75498866213152,13.9,3.8,3.9,5.5,14.8
"336",6097,2013,"Sonoma",3.616354579807,1.5,0.811861971951064,0.932509478245171,11.7,3.2,5.8,5.8,15.9
"337",6097,2014,"Sonoma",4.20985891318527,1.5,0.843981363655022,0.731428571428571,14.4,3.9,3.4,5.8,15.2
"338",6097,2015,"Sonoma",4.02112979321421,1.5,0.517442298755615,0.82840021691974,14.4,3.9,3.4,5.677655678,16
"339",6097,2016,"Sonoma",2.59507546147043,1.5,0.974199827888068,1.59501539082606,13.3,3.4,3.6,5.708775823,13.6
"340",6099,2010,"Stanislaus",3.20282868664309,1.5,4.59262106313855,8.48776293546356,23,4.7,3.6,6,18
"341",6099,2011,"Stanislaus",3.28657681305738,1.5,3.95852104386186,6.17113646178206,22.8,4.2,3.5,6.47,19.6
"342",6099,2012,"Stanislaus",3.58307834752628,1.5,4.32818739375514,8.54993464013802,22.8,4,3.5,6.4,28.2
"343",6099,2013,"Stanislaus",3.32214176947193,1.5,4.77794142857513,7.61331024749833,20.3,3.7,6.4,6.4,31.6
"344",6099,2014,"Stanislaus",4.41938236335803,1.5,4.9350027308896,12.3003598039822,22.3,4.4,3.9,6.3,27.3
"345",6099,2015,"Stanislaus",3.04943576267011,NA,5.32475751791583,12.5491038090455,22.3,4.4,3.9,6.329180374,30.5
"346",6099,2016,"Stanislaus",3.19573328138451,NA,4.90344604573128,8.17976990371233,20.2,4.3,4.1,6.304118834,23.8
"347",6101,2010,"Sutter",6.08359196133299,1.5,0.686480645709875,NA,NA,4.8,2.6,6,18
"348",6101,2011,"Sutter",7.34981100611451,NA,0.862208852712569,1.75,27.3,3.9,2.9,5.68,21.5
"349",6101,2012,"Sutter",6.37233510159143,NA,0.701040780585439,NA,24.6,3.8,2.5,5.7,23.5
"350",6101,2013,"Sutter",1.97098245332477,NA,0.595254224211095,NA,15.7,2.9,5.8,5.8,24.5
"351",6101,2014,"Sutter",2.04995499573235,NA,0.559797597921971,NA,19,4.3,3.3,5.7,24.1
"352",6101,2015,"Sutter",2.08802314766973,NA,0.496430453652992,7.24,19,4.3,3.3,5.756628692,25.4
"353",6101,2016,"Sutter",1.5351067244423,NA,0.672309235398503,3.20443700853271,16.7,3.9,3.8,5.806585645,20.8
"354",6103,2010,"Tehama",4.54807055630936,NA,1.53493596124494,1.08552129221733,25,6.3,3.7,6,27
"355",6103,2011,"Tehama",2.38862540322581,NA,1.56881332257263,1.93653131452168,26.7,6.1,4.7,5.57,25.5
"356",6103,2012,"Tehama",3.8904553598089,NA,1.66817674591612,NA,27.5,6.2,5.2,5.7,31.1
"357",6103,2013,"Tehama",2.81420357751278,NA,1.093153924207,2.2925,18.6,4.1,5.5,5.5,27.6
"358",6103,2014,"Tehama",2.13231098430813,NA,1.29456820971419,0.635121951219512,24.3,5.2,5,5.5,32
"359",6103,2015,"Tehama",2.76218325791855,NA,1.22264784880598,1.32146198830409,24.3,5.2,5,5.526992288,28.7
"360",6103,2016,"Tehama",2.01886744590898,NA,1.26872911506417,0.921482296137339,17.3,4.2,4,5.706319703,26.7
"361",6105,2010,"Trinity",1,NA,0.23,0.5,NA,NA,NA,6,27
"362",6105,2011,"Trinity",1,NA,0.23,NA,NA,4.7,9.6,5.81,31.6
"363",6105,2012,"Trinity",NA,NA,0.23,NA,NA,5.7,9.2,5.8,31.3
"364",6105,2013,"Trinity",1,NA,0.23,NA,NA,2.5,5,5,33.3
"365",6105,2014,"Trinity",NA,NA,0.23,NA,16.7,4.6,9.2,4.8,34.1
"366",6105,2015,"Trinity",1.5,NA,NA,NA,16.7,4.6,9.2,4.670658683,34.6
"367",6105,2016,"Trinity",2.39405204460967,NA,0.2,2.24,15.2,4.1,4.1,5.658056581,31.7
"368",6107,2010,"Tulare",1.717125270794,1.5,3.42194393216892,4.53290660867464,24,4.7,4.5,6,32
"369",6107,2011,"Tulare",1.60170669641301,1.56297621757504,3.30275701230335,3.03496942858342,25.4,4.7,4.8,5.94,30.7
"370",6107,2012,"Tulare",1.47517975700003,1.52322606251034,3.36812798105751,3.52374533749372,26.5,5.1,5.1,6.1,33.6
"371",6107,2013,"Tulare",1.5806992296996,1.5,3.86809669029434,3.48074965993889,22.5,4.1,6.2,6.2,33.7
"372",6107,2014,"Tulare",2.0612907742537,1.5,3.67074302620973,2.12244285442918,24.8,4.9,4.5,6.2,40.5
"373",6107,2015,"Tulare",2.41526577877998,1.5,3.97864378964901,2.09316827551673,24.8,4.9,4.5,6.166836814,39.8
"374",6107,2016,"Tulare",1.91561387761994,1.5,3.5794745126384,5.43139325077663,25.6,4.9,4.4,6.232398678,36.7
"375",6109,2010,"Tuolumne",0.972279657358388,NA,0.467608124151968,13.4452896725441,16,4.1,4,5,18
"376",6109,2011,"Tuolumne",1.21875568456701,NA,0.544350093314305,4.47318702290076,15.2,4.1,4.2,4.87,18.1
"377",6109,2012,"Tuolumne",1.18652792990142,NA,0.626258891241787,2.63678881987578,14.3,3.9,4,4.9,21.5
"378",6109,2013,"Tuolumne",1.01807483210745,NA,0.589851141834887,10.8654981152396,8.4,2.6,4.7,4.7,24.3
"379",6109,2014,"Tuolumne",1.10456683975365,NA,0.700060198655563,2.03638475186838,13.2,3.7,3.7,4.8,20.8
"380",6109,2015,"Tuolumne",1.45814467145224,1.5,0.615340909090909,1.37408714440043,13.2,3.7,3.7,4.699017199,21.6
"381",6109,2016,"Tuolumne",1.02356099817193,1.5,0.581692790564961,2.98209146681539,13.4,3.7,3.7,4.483611627,20.5
"382",6111,2010,"Ventura",2.16139848735813,1.5,1.30302477410742,6.74750671240064,14,3.6,3.9,6,12
"383",6111,2011,"Ventura",1.50338883099468,1.5,1.67607760009702,9.19379343042462,14.2,3.6,3.9,6.46,11.6
"384",6111,2012,"Ventura",2.82292633025837,1.5,1.19798738002877,6.69304717347496,14.3,3.6,3.6,6.5,15.3
"385",6111,2013,"Ventura",1,1.5,1.93523776983506,7.41894509093878,12.9,3,6.5,6.5,16.4
"386",6111,2014,"Ventura",1.20789329192202,1.5,1.50782975232711,5.88369888520952,16.3,3.7,3.6,6.4,17.7
"387",6111,2015,"Ventura",1.3356637649814,1.5,2.66883586327982,4.91402474816216,16.3,3.7,3.6,6.397854136,18
"388",6111,2016,"Ventura",1.32852590426755,1.5,2.9209897330668,6.42993921183806,14.7,3.4,3.3,6.326179711,15.8
"389",6113,2010,"Yolo",1.25135626772243,1.5,3.51681338366837,3.55809523809524,15,4.2,3.5,5,15
"390",6113,2011,"Yolo",1.26845280122794,1.47199950962364,3.40510878688486,0.87347280334728,13.4,3.8,3.1,5.37,14.7
"391",6113,2012,"Yolo",5.00218671405551,1.5,4.86449774416511,3.10018325157463,14.1,3.8,3,5.4,18.9
"392",6113,2013,"Yolo",4.05170922427514,1.5,5.43961827714179,0.5,12.1,2.8,5.3,5.3,20.5
"393",6113,2014,"Yolo",1.01791972866026,1.5,4.75961497682385,0.610122769125838,16.7,3.6,3.2,5.4,17.6
"394",6113,2015,"Yolo",1,1.5,5.91548269397464,1.84,16.7,3.6,3.2,5.367022187,17.9
"395",6113,2016,"Yolo",1.10866630114454,1.5,4.54640028243148,1.79033898305085,16.2,3.9,3.7,5.506012312,17.5
"396",6115,2010,"Yuba",4.47485320398264,NA,0.690230495941769,3.72257590597453,17,5.2,3.6,7,27
"397",6115,2011,"Yuba",2.87433771070643,1.5,0.58281560352968,NA,20.1,3.7,3.7,6.77,23.9
"398",6115,2012,"Yuba",2.30527194565837,NA,0.564215123026927,1.16577730434238,22.2,3.6,4.6,6.6,28.2
"399",6115,2013,"Yuba",2.70847519783826,NA,0.373753546817998,1.63040796527955,16.2,3,6.2,6.2,27
"400",6115,2014,"Yuba",3.28257230611723,NA,0.548402168537885,3.18595298602287,22.3,4.3,5.3,6.1,30.6
"401",6115,2015,"Yuba",2.92435669752503,NA,0.514885785192834,2.62102936448398,22.3,4.3,5.3,5.86585913,28
"402",6115,2016,"Yuba",2.72362525120301,NA,0.496438246058077,3.02353330805208,17.9,4.2,4,6.015037594,28.6
